{"cameraMode":{"drawMode":2,"name":"Shaded Wireframe","section":"Shading Mode"},"sceneLighting":false,"audioPlay":false,"sceneViewState":{"showFog":true,"showMaterialUpdate":false,"showSkybox":false,"showFlares":true,"showImageEffects":true,"showParticleSystems":true},"in2DMode":false,"pivot":{"x":-8.525997161865235,"y":20.517778396606447,"z":3.433696746826172},"rotation":{"x":-0.2823694348335266,"y":0.6134739518165588,"z":-0.2496432214975357,"w":-0.6940985918045044},"size":6.78447961807251,"orthographic":false}