{"cameraMode":{"drawMode":2,"name":"Shaded Wireframe","section":"Shading Mode"},"sceneLighting":false,"audioPlay":false,"sceneViewState":{"showFog":true,"showMaterialUpdate":false,"showSkybox":false,"showFlares":true,"showImageEffects":true,"showParticleSystems":true},"in2DMode":false,"pivot":{"x":0.9093841910362244,"y":20.35967445373535,"z":30.999879837036134},"rotation":{"x":-0.0007048948318697512,"y":0.9433827996253967,"z":-0.3320240080356598,"w":-0.001751825213432312},"size":24.414865493774415,"orthographic":false}