{"cameraMode":{"drawMode":2,"name":"Shaded Wireframe","section":"Shading Mode"},"sceneLighting":false,"audioPlay":false,"sceneViewState":{"showFog":true,"showMaterialUpdate":false,"showSkybox":false,"showFlares":true,"showImageEffects":true,"showParticleSystems":true},"in2DMode":false,"pivot":{"x":1.9340834617614747,"y":20.450191497802736,"z":-1.843859076499939},"rotation":{"x":0.0009043625905178487,"y":0.9615241885185242,"z":-0.27514949440956118,"w":0.0021361573599278929},"size":7.722340106964111,"orthographic":false}