{"cameraMode":{"drawMode":0,"name":"Shaded","section":"Shading Mode"},"sceneLighting":false,"audioPlay":false,"sceneViewState":{"showFog":true,"showMaterialUpdate":false,"showSkybox":false,"showFlares":true,"showImageEffects":true,"showParticleSystems":true},"in2DMode":false,"pivot":{"x":0.3300008773803711,"y":21.607654571533204,"z":28.28999900817871},"rotation":{"x":0.31923988461494448,"y":0.004333145450800657,"z":-0.0013332584640011192,"w":0.9477193355560303},"size":41.52874755859375,"orthographic":false}