{"cameraMode":{"drawMode":2,"name":"Shaded Wireframe","section":"Shading Mode"},"sceneLighting":false,"audioPlay":false,"sceneViewState":{"showFog":true,"showMaterialUpdate":false,"showSkybox":false,"showFlares":true,"showImageEffects":true,"showParticleSystems":true},"in2DMode":false,"pivot":{"x":-0.548835277557373,"y":20.60334587097168,"z":-3.790001392364502},"rotation":{"x":0.01963205635547638,"y":0.9289340972900391,"z":-0.36663421988487246,"w":0.04986931383609772},"size":4.060240268707275,"orthographic":false}